[{"date":"2023-08-16T00:00:00Z","event":"http://www.wikidata.org/entity/Q114185165","eventLabel":"Wikimania 2023"},{"date":"2023-08-11T00:00:00Z","event":"http://www.wikidata.org/entity/Q117883453","eventLabel":"Naturalmente Tecnologici 2023"},{"date":"2023-09-01T00:00:00Z","event":"http://www.wikidata.org/entity/Q119978701","eventLabel":"Wiki Loves Monuments 2023 in Italy"},{"date":"2023-09-01T00:00:00Z","event":"http://www.wikidata.org/entity/Q121912607"},{"date":"2023-08-20T00:00:00Z","event":"http://www.wikidata.org/entity/Q105554774","eventLabel":"2025 Ecuadorian parliamentary election"},{"date":"2023-08-24T00:00:00Z","event":"http://www.wikidata.org/entity/Q106504658","eventLabel":"discharge of radioactive water of the Fukushima Daiichi Nuclear Power Plant"},{"date":"2023-08-16T00:00:00Z","event":"http://www.wikidata.org/entity/Q114185165","eventLabel":"Wikimania 2023"},{"date":"2023-08-10T00:00:00Z","event":"http://www.wikidata.org/entity/Q115821163","eventLabel":"2023 European Athletics U20 Championships"},{"date":"2023-08-12T00:00:00Z","event":"http://www.wikidata.org/entity/Q116938684","eventLabel":"2023 Malaysian state elections"},{"date":"2023-09-01T00:00:00Z","event":"http://www.wikidata.org/entity/Q117023903","eventLabel":"Wiki Loves Monuments 2023 in Sweden"}]